{
  "disease_name": "ADHD (주의력결핍 과잉행동장애)",
  "description": "성인 환자 수가 급격히 증가하는 추세를 보이며, 우울이나 불안을 동반하는 경우도 많습니다.",
  "symptoms": [
    "부주의 (세부적인 면에 주의를 기울이지 못함, 집중 유지 곤란)",
    "과잉행동 (가만히 있지 못함, 지나치게 말이 많음)",
    "충동성 (질문이 끝나기 전에 대답, 차례를 기다리지 못함)",
    "체계적인 과제 수행의 어려움",
    "건망증 및 물건 분실"
  ],
  "severity_scale": {
    "scale_name": "ASRS-v1.1 (Adult ADHD Self-Report Scale) - Part A",
    "questions": [
      "어떤 일의 어려운 부분을 마친 후에, 그 일을 마무리 짓는 데 어려움이 있습니까?",
      "체계가 필요한 일을 해야 할 때, 순서대로 진행하기 어렵습니까?",
      "약속이나 해야 할 일을 잊어버리는 일이 얼마나 자주 있습니까?",
      "골치 아픈 일은 피하거나 미루는 경우가 있습니까?",
      "오래 앉아 있어야 할 때, 손발을 가만히 두지 못하거나 꼼지락거립니까?",
      "마치 모터가 달린 것처럼 지나치게 활동적이거나 멈출 수 없다고 느낍니까?"
    ]
  }
}

