{
  "disease_name": "Anxiety Disorders (불안장애)",
  "description": "예측 불가능한 사건이나 실패에 대한 두려움 등으로 인해 나타나며, 심하면 두근거림, 식은땀, 숨 막힘 등 신체적 증상을 동반할 수 있습니다.",
  "symptoms": [
    "과도한 불안과 걱정",
    "걱정을 조절하기 어려움",
    "안절부절못함 또는 긴장 고조",
    "쉽게 피로해짐",
    "집중 곤란",
    "과민성 (짜증)",
    "근육 긴장",
    "수면 교란"
  ],
  "severity_scale": {
    "scale_name": "GAD-7 (Generalized Anxiety Disorder-7)",
    "questions": [
      "지난 2주 동안, 긴장되거나 불안하거나 안절부절못한다고 느꼈습니까?",
      "지난 2주 동안, 걱정하는 것을 멈추거나 조절할 수 없었습니까?",
      "지난 2주 동안, 여러 가지 일에 대해 너무 많이 걱정했습니까?",
      "지난 2주 동안, 편하게 쉬기 어려웠습니까?",
      "지난 2주 동안, 너무 안절부절못해서 가만히 있기 어려웠습니까?",
      "지난 2주 동안, 쉽게 짜증이 나거나 성을 냈습니까?",
      "지난 2주 동안, 마치 끔찍한 일이 일어날 것처럼 두려웠습니까?"
    ]
  }
}

