{
  "disease_name": "Bipolar and Related Disorders (양극성 장애/조울증)",
  "description": "기분이 고양되는 조증과 우울증이 반복적으로 나타납니다.",
  "symptoms": [
    "비정상적으로 들뜨거나 의기양양한 기분 (조증)",
    "자존감의 팽창 또는 과대 망상",
    "수면 욕구 감소",
    "평소보다 말이 많아지거나 계속 말을 하게 됨",
    "사고의 비약 (생각이 꼬리에 꼬리를 뭄)",
    "주의 산만",
    "목표 지향적 활동 증가",
    "고통스러운 결과를 초래할 가능성이 높은 활동에 과도하게 몰두"
  ],
  "severity_scale": {
    "scale_name": "MDQ (Mood Disorder Questionnaire) - Modified",
    "questions": [
      "평소의 당신과는 다르게, 기분이 너무 좋거나 들떠서 다른 사람들이 평소의 당신 같지 않다고 하거나, 너무 흥분해서 문제가 생긴 적이 있습니까?",
      "지나치게 자신감이 넘친다고 느낀 적이 있습니까?",
      "평소보다 잠을 덜 자도 피곤하지 않다고 느낀 적이 있습니까?",
      "평소보다 말이 더 많아지거나 말을 멈출 수 없었습니까?",
      "생각이 머릿속에서 빠르게 돌아가고 있다고 느꼈습니까?",
      "주위에서 벌어지는 일로 인해 너무 쉽게 주의가 산만해졌습니까?",
      "평소보다 더 에너지가 넘쳤습니까?",
      "평소보다 더 활동적이거나 더 많은 일을 했습니까?",
      "평소보다 더 사교적이거나 적극적이었습니까?",
      "평소보다 성적인 욕구가 더 강했습니까?",
      "평소의 당신이라면 하지 않았을 바보 같은 짓이나 위험한 행동(예: 과소비, 무모한 운전 등)을 했습니까?"
    ]
  }
}

