{
  "disease_name": "Depressive Disorders (우울장애)",
  "description": "일시적으로 기분이 저하되는 상태부터 심각한 우울감이 지속되는 경우까지 다양합니다.",
  "symptoms": [
    "지속적인 우울감",
    "흥미나 즐거움의 현저한 저하",
    "체중 조절의 어려움 또는 식욕 변화",
    "수면 장애 (불면 또는 과다수면)",
    "정신운동 초조 또는 지체",
    "피로감 또는 에너지 상실",
    "무가치감 또는 과도한 죄책감",
    "사고력/집중력 저하",
    "반복적인 죽음에 대한 생각"
  ],
  "severity_scale": {
    "scale_name": "PHQ-9 (Patient Health Questionnaire-9)",
    "questions": [
      "지난 2주 동안, 일이나 활동에 대한 흥미나 즐거움을 거의 느끼지 못했습니까?",
      "지난 2주 동안, 기분이 가라앉거나, 우울하거나, 희망이 없다고 느꼈습니까?",
      "지난 2주 동안, 잠들기 어렵거나, 자주 깨거나, 혹은 너무 많이 잤습니까?",
      "지난 2주 동안, 피곤하다고 느끼거나 기운이 없었습니까?",
      "지난 2주 동안, 입맛이 없거나 혹은 너무 많이 먹었습니까?",
      "지난 2주 동안, 자신을 실패자라고 느끼거나, 자신이나 가족을 실망시켰다고 생각했습니까?",
      "지난 2주 동안, 신문을 읽거나 TV를 보는 것과 같은 일에 집중하는 것이 어려웠습니까?",
      "지난 2주 동안, 남들이 눈치챌 정도로 행동이 느려지거나, 반대로 너무 안절부절못해서 가만히 있을 수 없었습니까?",
      "지난 2주 동안, 차라리 죽는 것이 낫겠다고 생각하거나, 어떻게든 자해를 하려고 생각했습니까?"
    ]
  }
}

