{
  "disease_name": "Obsessive-Compulsive and Related Disorders (강박장애)",
  "description": "반복적인 강박적 사고나 행동이 나타나는 질환입니다.",
  "symptoms": [
    "강박 사고 (반복적이고 지속적인 원치 않는 생각, 충동, 이미지)",
    "강박 행동 (손 씻기, 정돈하기, 확인하기 등 반복적인 행동)",
    "강박 사고나 행동으로 인한 현저한 고통 또는 시간 소모"
  ],
  "severity_scale": {
    "scale_name": "OCI-R (Obsessive-Compulsive Inventory - Revised) - Modified",
    "questions": [
      "불쾌한 생각이나 이미지가 머릿속을 떠나지 않아 괴롭습니까?",
      "세균이나 오염에 대한 걱정 때문에 과도하게 손을 씻거나 청소를 합니까?",
      "문이 잠겼는지, 가스 밸브가 잠겼는지 등을 반복해서 확인해야 마음이 놓입니까?",
      "물건이 제자리에 딱 맞춰져 있거나 대칭을 이루어야 한다는 강박감이 있습니까?",
      "불길한 일이 생길 것 같아 숫자를 세거나 특정 행동을 반복해야 합니까?",
      "자신도 모르게 불필요한 물건을 버리지 못하고 모아두게 됩니까?",
      "이런 생각이나 행동 때문에 하루에 1시간 이상을 소비하거나 일상생활에 방해가 됩니까?"
    ]
  }
}

