{
  "disease_name": "Schizophrenia Spectrum (조현병 스펙트럼)",
  "description": "망상, 환각, 와해된 언어, 음성 증상 등을 특징으로 하며, 만성적인 경과를 보이는 경우가 많습니다.",
  "symptoms": [
    "망상 (사실이 아닌 것을 강하게 믿음)",
    "환각 (실재하지 않는 소리나 형상을 느낌)",
    "와해된 언어 (말의 앞뒤가 맞지 않음)",
    "심하게 와해된 행동 또는 긴장성 행동",
    "음성 증상 (감정 표현 감소, 무의욕 등)"
  ],
  "severity_scale": {
    "scale_name": "Simplified PQ-B (Prodromal Questionnaire - Brief Version)",
    "questions": [
      "주변의 소리나 사물이 평소와 다르게 느껴지거나 이상하게 보인 적이 있습니까?",
      "누군가 나를 감시하거나 내 이야기를 하고 있다는 느낌을 받은 적이 있습니까?",
      "다른 사람들은 보지 못하거나 듣지 못하는 것을 보고나 들은 적이 있습니까?",
      "내 생각이 내 의지와 상관없이 방송되거나 다른 사람이 내 생각을 읽는다고 느낀 적이 있습니까?",
      "특별한 능력이나 힘을 가지고 있다고 믿거나, 특별한 임무를 수행해야 한다고 생각한 적이 있습니까?",
      "내 머릿속의 생각이 내 것이 아니라고 느껴지거나, 누군가 내 머릿속에 생각을 집어넣는다고 느낀 적이 있습니까?",
      "이유 없이 막연한 불안감이나 공포감을 느껴서 힘들었던 적이 있습니까?",
      "사람들과 어울리는 것이 힘들고 혼자 있고 싶어지는 경우가 많아졌습니까?",
      "말을 할 때 논리적으로 연결이 잘 되지 않거나, 상대방이 내 말을 이해하기 어려워한 적이 있습니까?",
      "감정을 표현하는 것이 어렵거나, 감정이 메마른 것처럼 느껴진 적이 있습니까?"
    ]
  }
}

