{
  "disease_name": "Substance-Related and Addictive Disorders (물질관련장애)",
  "description": "술이나 약물 등에 대한 의존성을 특징으로 합니다.",
  "symptoms": [
    "물질을 의도한 것보다 더 많이, 더 오래 사용함",
    "물질 사용을 줄이거나 조절하려는 노력이 실패함",
    "물질을 구하거나 사용하는 데 많은 시간을 보냄",
    "물질에 대한 갈망",
    "반복적인 물질 사용으로 인한 역할 수행 실패 (직장, 학교 등)",
    "사회적/대인관계 문제에도 불구하고 지속적 사용",
    "금단 증상 또는 내성"
  ],
  "severity_scale": {
    "scale_name": "CAGE-AID (Adapted to Include Drugs)",
    "questions": [
      "술이나 약물을 줄여야겠다고 느낀 적이 있습니까? (Cut down)",
      "사람들이 당신의 음주나 약물 사용을 비난하여 짜증이 난 적이 있습니까? (Annoyed)",
      "자신의 음주나 약물 사용에 대해 죄책감을 느낀 적이 있습니까? (Guilty)",
      "아침에 일어나자마자 신경을 안정시키거나 숙취를 없애기 위해 술이나 약물을 사용한 적이 있습니까? (Eye-opener)",
      "술이나 약물 때문에 기억이 끊긴 적이 있습니까?",
      "술이나 약물로 인해 다치거나 다른 사람을 다치게 한 적이 있습니까?",
      "가족이나 의사가 술이나 약물을 줄이라고 권유한 적이 있습니까?"
    ]
  }
}

