{
  "description": "정신건강 개입 솔루션 템플릿",
  "templates": {
    "cbt": {
      "name": "인지행동치료 (CBT)",
      "description": "인지 왜곡과 부적응적 행동 패턴 수정",
      "applicable_conditions": ["우울증", "불안장애", "외상후 스트레스 장애"]
    },
    "mindfulness": {
      "name": "마음챙김 기반 개입",
      "description": "현재 순간에 대한 비판단적 인식 훈련",
      "applicable_conditions": ["스트레스", "불안", "우울"]
    },
    "psychoeducation": {
      "name": "정신건강 교육",
      "description": "증상과 치료에 대한 정보 제공",
      "applicable_conditions": ["모든 정신건강 상태"]
    }
  }
}

